LocationA,LocationB,Distance,Tags,StartLat,StartLon,EndLat,EndLon
france_sampledata 7.jpg,france_sampledata 8.jpg,0.0,,46.4943305555556,-1.79171666666667,46.4943305555556,-1.79171666666667
france_sampledata 8.jpg,france_sampledata 7.jpg,0.0,,46.4943305555556,-1.79171666666667,46.4943305555556,-1.79171666666667
