Term,TF,IDF,TF_IDF
1607,TOWED/STORED,1,1,0.0
DUI-ALCOHOL/DRUGS,5404,38.61446329,-121.4487821,1,1,0.0
23:00,4101,1,1,0.0
HOMICIDE,999,38.53402736,-121.4978746,1,1,0.0
553,THREATS,1,1,0.0
HARBOUR,1,1,0.0
16:00,HOWE,1,1,0.0
28TH,7,1,0.0
721,484,1,1,0.0
VEH-14602.6,7000,38.4797218,-121.440072,1,1,0.0
UNLOCKED,2305,38.6208506,-121.4700175,1,1,0.0
0:45,6205,1,1,0.0
22:00,1861,1,1,0.0
7:30,2163,1,1,0.0
21:00,4400,1,1,0.0
0:16,1400,1,1,0.0
RPT,7000,38.54102578,-121.4657714,1,1,0.0
BLVD,4,4C,25,1,0.0
BLVD,4,4B,32,1,0.0
BLVD,4,4A,9,1,0.0
PROBATI,5012,38.52983357,-121.4448282,1,1,0.0
VEHICLE,2299,38.48243228,-121.514852,1,1,0.0
1225,POSSIBLE,1,1,0.0
14:30,4100,1,1,0.0
16:00,7971,1,1,0.0
1:55,9TH,1,1,0.0
15:42,DEL,1,1,0.0
SELF/OTHERS,7000,38.47753956,-121.4839042,1,1,0.0
/,659,1,0.0
PERSON,7000,38.6176064,-121.4204494,1,1,0.0
-,213,1,0.0
985,242,1,1,0.0
RESIDENCE,2204,38.47866168,-121.436643,1,1,0.0
5,5,1,0.0
613,11378,1,1,0.0
15:19,4588,1,1,0.0
16:38,ALHAMBRA,1,1,0.0
REPORT,7000,38.62504428,-121.4978986,1,1,0.0
1134,10851(A)VC,1,1,0.0
21:11,NORTHGATE,1,1,0.0
D,7,1,0.0
E,14,1,0.0
F,4,1,0.0
15:36,5770,1,1,0.0
G,7,1,0.0
A,7,1,0.0
B,6,1,0.0
C,6,1,0.0
L,32,1,0.0
M,1,1,0.0
